<!DOCTYPE html PUBLIC "-//W3C//DTD HTML 4.0 Transitional//EN" "http://www.w3.org/TR/REC-html40/loose.dtd">
<html><body><p>0r0f8y:0r0f8y
b1jo4k:b1jo4k
b39s2d:b39s2d
bahamas007:dc1977dc
Babe5470Lime:Babe5470Lime
Babe5683Grin:Babe5683Grin
b23m6i:b23m6i
Ax97Dyassic:Ax97Dyassic
Atum1942Chuje:Atum1942Chuje
Avenue6254Gold:Avenue6254Gold
Augy4570Yildun:Augy4570Yildun
Asni8119Shult:Asni8119Shult
Arlie4898Ivanah:Arlie4898Ivanah1
arolol11:arolol11
Azal2932Hattian:Azal2932Hattian1
Aro3170Benyamin:Aro3170Benyamin1
Araxa2136Joerg:Araxa2136Joerg
Apples6646Lucky:Apples6646Lucky1
Arbe8501Codel:Arbe8501Codel
Arelia179Merula:Arelia179Merula1
Arguedas4686Axa:Arguedas4686Axa1
Apl6101Klarika:Apl6101Klarika
Aralac6813Aaru:Aralac6813Aaru
archloch123:archloch123
BldgE1212Carel:BldgE1212Carel
AnnaJonna:AnnaJonna123
andjelo27:andjelo27
Anagnos9438Royd:Anagnos9438Royd1
anaferreira12:anaferreira12
Artinas:Artinas123
banan120:pogoda19
Balls8358Triple:Balls8358Triple1
Balls9470Angels:Balls9470Angels1
bloodyguy33:bloodyguy33
Berry52Gummies:Berry52Gummies
biskata008:biskata008
BigLove1:BigLove1
Birdt9386Josip:Birdt9386Josip
Bazar3921Devina:Bazar3921Devina1
Bilbe4167Kjulen:Bilbe4167Kjulen1
Bigg7294Engedus:Bigg7294Engedus1
biel234:biel234
Beid4290Bikram:Beid4290Bikram
bigdee01:bigdee01
Beans8393Hunny:Beans8393Hunny
bdzv3h:bdzv3h
Bently1335Mathe:Bently1335Mathe1
Bau4062Slask:Bau4062Slask
bernardo91:bernardo91
bbeast312:niemam1
Bearhug1698Cute:Bearhug1698Cute1
Beauty6699Kute:Beauty6699Kute
Bear5764Frog:Bear5764Frog
Benedict6:Benedict6
Bee5341Rolls:Bee5341Rolls
Bear6011Bubble:Bear6011Bubble
Bear6762Chips:Bear6762Chips
Bell3156Lace:Bell3156Lace
Banaan97:Banaan97
bastianleyton1:bastianleyton1
Batan9642Ashdod:Batan9642Ashdod1
Bannie1:Bannie1
Angel4648Kute:Angel4648Kute
Anna5485Dazzlin:Anna5485Dazzlin1
Ardyth3835Polak:Ardyth3835Polak1
Blue7241Hugsie:Blue7241Hugsie
Adamis7823Marni:Adamis7823Marni1
Aidit4555Shelli:Aidit4555Shelli1
7aiu8g:7aiu8g
3eg96a:3eg96a
AfricanReaper:AfricanReaper1
5ycu8j:5ycu8j
2kox7q:2kox7q
Aequi2411Farica:Aequi2411Farica1
bnzb8r:bnzb8r
Blitz5361Jellie:Blitz5361Jellie1
Bloom7957Yummy:Bloom7957Yummy
bogart1:bogart1
9hkq3o:9hkq3o
9r2p8d:9r2p8d
8g982f:8g982f
Adolferus2:Adolferus2
Ainkk:q1w2e3r4
adnan1234567:adnan1234567
a0000001:a0000001
aaax55:123456789a
Aidin8559Jewdom:Aidin8559Jewdom1
Adzharia21Sage:Adzharia21Sage
abhishek1:abhishek1
Ad6253Nickolai:Ad6253Nickolai
AATech2313Pixie:AATech2313Pixie1
8abi2r:8abi2r
Acieral3653Moli:Acieral3653Moli1
Afar327Stew:Afar327Stew
Ahmica123:ahmica123
agnieska123:agnieska123
Aleron3379Tound:Aleron3379Tound1
Angels8456Genie:Angels8456Genie1
Angel9796Star:Angel9796Star
AngeloMiguel1:AngeloMiguel1
anas1200hj:anas1200hj
Amadis3802Keon:Amadis3802Keon
Amandy7635Inina:Amandy7635Inina1
Alvis9618Nipmuc:Alvis9618Nipmuc1
afroguy1:afroguy1
Amazinck:Amazinck22
4ever5241Forest:4ever5241Forest1
a0000000:a0000000
akram12365:akram12365
4fz38l:4fz38l
13muratcn:13muratcn
5a5a5a:5a5a5a
Alaine2011Ilysa:Alaine2011Ilysa1
alenrozic008:alenrozic008
alex574a:alex574a
august04:august04
ammar8689:sauveur86
anfetaminek007:dovaakhinbg123*
Bloom1228Egg:Bloom1228Egg
AAggeloss:AAggeloss12</p></body></html>
