<!DOCTYPE html PUBLIC "-//W3C//DTD HTML 4.0 Transitional//EN" "http://www.w3.org/TR/REC-html40/loose.dtd">
<html><body><p>putioras:putioras1
skenoz24:skenoz24
mrbadguy911:mrbadguy911
knowlson3193:knowlson3193
mindzone:mindzone1
spleez:spleez1
Totti9610:Totti9610
leonardo20046:leonardo20046
Danipi10:Danipi10
xXBolafXx:xXBolafXx1
guenole76:guenole76
333dondani333:333dondani333
abababababababa:abababababababa1
megainvocador:megainvocador1
pandalex2205:pandalex2205
suzi21:suzi21
Jewemy13:Jewemy13
TAPEURDEMOI1:TAPEURDEMOI1
carpastas:carpastas1
mengkai123:mengkai123
DonEric15:DonEric15
vijinthan135:vijinthan135
creace13:creace13
XxDiegoxX22:XxDiegoxX22
merlinlevodou:merlinlevodou1
jimeno6666:jimeno6666
boomboom01234:boomboom01234
Jayplay2510:Jayplay2510
Keksdose4:Keksdose4
noor05:noor05
doggy88:doggy88
flarsycalo10:flarsycalo101
MartinBOSS2001:MartinBOSS2001
fightgirl652:fightgirl652
KILLERWOLF7891:KILLERWOLF7891
00fufl00:00fufl00
denisdosta1:denisdosta1
avatar24601:avatar246011
warten43:warten43
hessam1383:hessam1383
jorgeespin5:jorgeespin5
dutu12:dutu12
albertas85:albertas85
stalion22:stalion22
lutrapolaris:lutrapolaris1
klavoron21:klavoron21
harra2:harra2
joaosilva1128:joaosilva1128
louca2909031:louca2909031
abdellah04:abdellah04
cinnam0nster:cinnam0nster
justsensei:justsensei1
mrluffy12:mrluffy12
kinglilo:kinglilo1
tanatos78:tanatos78
aleluc92:aleluc92
nikeplayer1996:nikeplayer1996
angerfist001:angerfist001
portgasdace98:portgasdace98
yannis22:yannis22
thiusinhu:thiusinhu12
victoria1991:victoria1991
flitzpiepe3:flitzpiepe31
akram2016:akram2016
insgesicht1:insgesicht1
bader05535:bader05535
tithas:tithas1
taquion:taquion1
tullyallen:tullyallen1
lhx4288:lhx4288
elfravenardent:elfravenardent1
atuatia12:atuatia12
qitipput:qitipput1
nikito55:nikito552
frostyfoxy:frostyfoxy1
deplacement:deplacement1
masterpentas:masterpentas1
muzaco:muzaco99
zanneti:zanneti12
siskooo4:siskooo44
coolwille12:coolwille12
shekkkk:shekkkk1
trollorfed:trollorfed1
shadowfight7:shadowfight7
sammijammi:sammijammi1
lopesm3gtr:lopesm3gtr
themetisboy34:themetisboy34
piedrinheiro13:piedrinheiro131
alpenist:alpenist1
theslascher:theslascher1
katterna:katterna2
thejamaicangirl:thejamaicangirl8
bestie1995:bestie1995
McDoodleCup23:McDoodleCup23
SongTown71:SongTown71
BadBoyKiller85:BadBoyKiller85
SkirtsJeans14:SkirtsJeans14
caradafa99:caradafa99
4everMama26:4everMama26
SingsMuffins47:SingsMuffins47
Pillemann006:Pillemann006
Wolverine212:Wolverine2121
venta01:venta01
Gambino03:Gambino03
rchid123:rchid123
GooseGlowing30:GooseGlowing30
biloufou09:biloufou09
kakkapeli:kakkapeli1
Fnatic55513:Fnatic55513
QueenGiggling23:QueenGiggling23
ChewyMagix84:ChewyMagix84
TestSpeichel:TestSpeichel1
sivas99:sivas99
Teletubie10:Teletubie10
HeartsIcing65:HeartsIcing65
yasuo363:yasuo363
BugGrandslam2:BugGrandslam2
WasabeWings10:WasabeWings10
PerfectSeven84:PerfectSeven84
marcosylucas7:marcosylucas7
DonkeyPaper4:DonkeyPaper4
ScotchHigh72:ScotchHigh72
oyunbozan77:oyunbozan77
CupsLOL70:CupsLOL70
PicklesAutumn63:PicklesAutumn63
pontso321:pontso321
BlondieSoft69:BlondieSoft69
Guanche1034:Guanche1034
SillyMoments92:SillyMoments92
PettiPants58:PettiPants58
D34thPr00f:D34thPr00f
TweetsPoopie17:TweetsPoopie17
rec543:rec543
magicshark69:magicshark69
longaniza2:longaniza2
fanatix749:fanatix749
mirhatdemir:mirhatdemir1
imo2014:imo2014
blanco0104:blanco0104
chessisfun:chessisfun1
marceau99:marceau99
teamattacker84:teamattacker84
sizuke1:sizuke1
mrgaren45:mrgaren45
0xnaderx0:0xnaderx0
headless19:headless19
munderfing5222:munderfing5222
poulolo00:poulolo00
shankon4:shankon4
danipilar:danipilar1
testowo490:testowo490
houssem833:houssem833
raul7skl:raul7skl
reaper1539:reaper1539
xexzy:xexzy1
kachamoso5:kachamoso5
herobrine07:herobrine07
zak26130:zak26130
onlylux1:onlylux1
trotoloco:trotoloco1
pierinob:pierinob1
milton009:milton009
sugnubabba:sugnubabba1
erexodsmurf:erexodsmurf1
seriousgames1:seriousgames1
PostsRainbow19:PostsRainbow19
Soulsascha:Soulsascha1
coco1jb2:coco1jb2
Filipe14R:Filipe14R
deurmat20:deurmat20
lolmiener:lolmiener1
GTRsnake03:GTRsnake03
marcusnaret9:marcusnaret9
Saud551:Saud5511
balliau2003:balliau2003
MathF3Mathias:MathF3Mathias
Loobster1990:Loobster1990
popaul34:popaul34
clayms71:clayms71
Foxoxid312:Foxoxid312
alvarito68:alvarito68
Paralox36:Paralox36
izanhunter2005:izanhunter2005
worms0907:worms0907
black85angel:black85angel
Keanu2223:Keanu2223
baxxter213:baxxter213
cocorentin02:cocorentin02
L1u3b3i420:L1u3b3i420
miguelbest2000:miguelbest2000
Ponytail14Roses:Ponytail14Roses
raz4epvacha:raz4epvacha1
Picnic72Waffles:Picnic72Waffles
zeca18:zeca18
Legend123045:Legend123045
Donkey68Soap:Donkey68Soap
Choups2002:Choups2002
Groovy14Piggy:Groovy14Piggy
Cherub7Faith:Cherub7Faith
Filipex5:Filipex5
Framed93:Framed93
alala14:alala14
maximilien369:maximilien369
Muffin73Cake:Muffin73Cake
Balloons23Pink:Balloons23Pink
Smiling46Cutii:Smiling46Cutii
jppeer123:jppeer123
Swintoner:Swintoner1
vieirinha2002:vieirinha2002
petitfilou777:petitfilou777
secondacc32:secondacc32
bilguun123:bilguun123
mariano54:mariano54
CICCIO666:CICCIO666
Huggy6447Mother:Huggy6447Mother1
Shatiel98:Shatiel98
mikiefan:mikiefan1
bernas2002:bernas2002
nunes7000:nunes7000
cocotero97:cocotero97
arnaupg:arnaupg1
reiskral1234:reiskral1234
darkboy00:darkboy00
alancer259:alancer259
Suzaku100:Suzaku100
Topgamer77:Topgamer77
Killerwolf15:Killerwolf15
labrador01:labrador01
aljassmi:aljassmi1</p></body></html>
